timestamp,frame_id,Pelvis_x,Pelvis_y,Pelvis_z,SpineNaval_x,SpineNaval_y,SpineNaval_z,SpineChest_x,SpineChest_y,SpineChest_z,Neck_x,Neck_y,Neck_z,ClavicleLeft_x,ClavicleLeft_y,ClavicleLeft_z,ShoulderLeft_x,ShoulderLeft_y,ShoulderLeft_z,ElbowLeft_x,ElbowLeft_y,ElbowLeft_z,WristLeft_x,WristLeft_y,WristLeft_z,HandLeft_x,HandLeft_y,HandLeft_z,HandTipLeft_x,HandTipLeft_y,HandTipLeft_z,ThumbLeft_x,ThumbLeft_y,ThumbLeft_z,ClavicleRight_x,ClavicleRight_y,ClavicleRight_z,ShoulderRight_x,ShoulderRight_y,ShoulderRight_z,ElbowRight_x,ElbowRight_y,ElbowRight_z,WristRight_x,WristRight_y,WristRight_z,HandRight_x,HandRight_y,HandRight_z,HandTipRight_x,HandTipRight_y,HandTipRight_z,ThumbRight_x,ThumbRight_y,ThumbRight_z,HipLeft_x,HipLeft_y,HipLeft_z,KneeLeft_x,KneeLeft_y,KneeLeft_z,AnkleLeft_x,AnkleLeft_y,AnkleLeft_z,FootLeft_x,FootLeft_y,FootLeft_z,HipRight_x,HipRight_y,HipRight_z,KneeRight_x,KneeRight_y,KneeRight_z,AnkleRight_x,AnkleRight_y,AnkleRight_z,FootRight_x,FootRight_y,FootRight_z,Head_x,Head_y,Head_z,Nose_x,Nose_y,Nose_z,EyeLeft_x,EyeLeft_y,EyeLeft_z,EarLeft_x,EarLeft_y,EarLeft_z,EyeRight_x,EyeRight_y,EyeRight_z,EarRight_x,EarRight_y,EarRight_z,label
1744775535.8646832,0,-207.09759521484375,373.2222900390625,503.60345458984375,-213.14552307128906,228.8113250732422,586.1879272460938,-217.05699157714844,108.2838363647461,642.4794311523438,-225.1138916015625,-84.43473052978516,704.383056640625,-192.48709106445312,-53.16670227050781,697.3483276367188,-60.056819915771484,-37.56735610961914,700.6331176757812,117.07621765136719,135.30743408203125,628.3501586914062,-3.9504244327545166,165.6947021484375,451.5311584472656,-28.130216598510742,157.21546936035156,365.4131164550781,-43.26046371459961,126.28823852539062,270.650390625,-68.93467712402344,163.43145751953125,336.6074523925781,-255.0929412841797,-51.415897369384766,692.8282470703125,-375.3106994628906,-33.228904724121094,676.2547607421875,-581.9602661132812,89.46659088134766,570.1043701171875,,,,,,,,,,,,,,,,,,,,,,,,,,,,,,,,,,,,,-227.35372924804688,-159.810302734375,715.4774169921875,-248.9471893310547,-255.94992065429688,602.4653930664062,-210.0297393798828,-266.55596923828125,635.64013671875,-139.8840789794922,-202.48419189453125,706.1140747070312,-257.0289611816406,-273.5746154785156,646.6758422851562,-283.5059814453125,-229.08038330078125,757.4237670898438,Berjalan
1744775535.9477353,1,-201.8357696533203,383.5413818359375,513.6535034179688,-207.64149475097656,236.14097595214844,595.6730346679688,-211.6580810546875,114.65880584716797,654.2659301757812,-219.50782775878906,-80.89820861816406,716.5808715820312,-186.52508544921875,-48.98186111450195,709.9641723632812,-52.59334945678711,-35.60234451293945,723.14453125,115.51497650146484,153.86795043945312,658.4126586914062,3.7776529788970947,139.0430908203125,470.14923095703125,-33.25773620605469,146.84817504882812,387.28466796875,-58.826969146728516,133.42689514160156,289.2218933105469,-64.96482849121094,159.80404663085938,360.31591796875,-249.94161987304688,-47.58479309082031,704.4987182617188,-372.7655944824219,-32.28481674194336,691.8551025390625,-574.6632690429688,69.60676574707031,551.0867919921875,,,,,,,,,,,,,,,,,,,,,,,,,,,,,,,,,,,,,-221.46859741210938,-157.354736328125,727.6677856445312,-223.83079528808594,-244.75076293945312,603.301025390625,-207.55105590820312,-267.3136291503906,648.3558349609375,-155.75469970703125,-228.36476135253906,749.2734375,-255.07736206054688,-257.5464782714844,638.7373657226562,-310.0351257324219,-202.93678283691406,735.4952392578125,Berjalan
1744775536.0238292,2,-192.9351043701172,383.4620056152344,521.525390625,-200.9037322998047,236.80970764160156,603.3103637695312,-206.8751220703125,116.91464233398438,663.7305297851562,-213.4304656982422,-77.37255096435547,727.4351806640625,-180.8175506591797,-45.344085693359375,720.8311767578125,-47.64351272583008,-29.617948532104492,733.5211181640625,118.3997802734375,168.22317504882812,700.5114135742188,-14.849483489990234,135.9081268310547,530.3287353515625,-61.1071891784668,155.72007751464844,454.8291015625,-93.54591369628906,162.6923370361328,358.5716857910156,-101.32151794433594,154.5275421142578,433.1700744628906,-243.94281005859375,-44.57741165161133,714.8677368164062,-366.3977355957031,-30.982803344726562,701.6224365234375,-568.2435913085938,64.61298370361328,558.4074096679688,,,,,,,,,,,,,,,,,,,,,,,,,,,,,,,,,,,,,-214.78225708007812,-153.4375,739.128662109375,-219.1369171142578,-225.423583984375,605.995849609375,-192.12771606445312,-248.53762817382812,644.9547119140625,-134.25613403320312,-210.4840545654297,742.2769775390625,-241.3508758544922,-248.1483154296875,642.9649047851562,-290.1459655761719,-217.1276397705078,752.04345703125,Berjalan
1744775536.1178432,3,-180.01644897460938,390.3082580566406,544.6744995117188,-192.4576416015625,245.06332397460938,628.0396118164062,-202.1184539794922,126.08544158935547,689.4772338867188,-211.80276489257812,-69.27515411376953,748.6592407226562,-178.7176055908203,-37.650108337402344,742.8413696289062,-45.2616081237793,-23.096101760864258,751.9927978515625,100.87905883789062,185.619140625,699.6336059570312,-48.13124084472656,132.19346618652344,549.285888671875,-94.32640838623047,131.93850708007812,471.30279541015625,-149.16455078125,116.25247955322266,387.0910339355469,-126.08483123779297,129.62388610839844,450.8854675292969,-241.7470245361328,-35.764530181884766,736.8118286132812,-362.818603515625,-19.95795440673828,716.4288940429688,-555.8772583007812,73.89994049072266,560.9810791015625,-461.474853515625,21.692401885986328,368.0052795410156,,,,,,,,,,,,,,,,,,,,,,,,,,,,,,,,,,-214.3571014404297,-145.4775390625,758.6010131835938,-215.38844299316406,-222.98211669921875,628.71728515625,-189.82730102539062,-244.61370849609375,669.3926391601562,-134.61326599121094,-202.96534729003906,766.635009765625,-238.91046142578125,-243.88880920410156,665.8829345703125,-290.6234130859375,-207.84262084960938,771.8840942382812,Berjalan
1744775536.2056546,4,-179.56092834472656,391.7613830566406,547.56103515625,-192.0732879638672,246.6448516845703,631.917724609375,-201.8386688232422,128.11566162109375,694.8677978515625,-211.73919677734375,-66.48360443115234,758.0250854492188,-178.54396057128906,-34.9447135925293,751.5546875,-44.667884826660156,-19.815933227539062,757.748291015625,87.05570983886719,197.5470428466797,699.639404296875,-61.7047233581543,152.51210021972656,545.6068725585938,-125.15267944335938,133.28317260742188,483.4930114746094,-188.68621826171875,120.77095794677734,404.7541809082031,-181.0452117919922,131.96470642089844,520.347412109375,-241.7205047607422,-33.099876403808594,745.5092163085938,-362.67083740234375,-17.647188186645508,722.5540161132812,-551.2384033203125,76.63284301757812,560.9239501953125,-464.1155090332031,29.702890396118164,362.6539306640625,,,,,,,,,,,,,,,,,,,,,,,,,,,,,,,,,,-214.3824462890625,-142.6490478515625,769.4889526367188,-212.46847534179688,-215.88548278808594,636.7611694335938,-184.0596923828125,-236.6597900390625,676.1315307617188,-129.77294921875,-193.61666870117188,773.6278686523438,-233.2244110107422,-239.93511962890625,673.8214721679688,-285.00653076171875,-211.7293701171875,782.4647827148438,Berjalan
1744775536.2899187,5,-180.7997589111328,393.2444763183594,542.8955688476562,-192.69100952148438,248.1009063720703,628.6370849609375,-201.9700469970703,129.47979736328125,692.6375732421875,-212.25588989257812,-63.29511260986328,763.5305786132812,-178.87550354003906,-31.949012756347656,755.8562622070312,-44.55484390258789,-16.68106460571289,763.6951293945312,78.54812622070312,207.27952575683594,707.0435791015625,-72.06214141845703,151.47152709960938,557.1380615234375,-159.49407958984375,166.3357391357422,535.8135986328125,-260.6725158691406,157.5337677001953,523.08349609375,-151.8610076904297,156.40211486816406,476.82611083984375,-242.2965087890625,-30.246362686157227,749.6444702148438,-363.4307861328125,-15.636481285095215,724.50927734375,-549.447021484375,83.88179016113281,561.3118286132812,,,,,,,,,,,,,,,,,,,,,,,,,,,,,,,,,,,,,-215.0299530029297,-139.26190185546875,777.9801635742188,-208.10752868652344,-230.1541748046875,656.0796508789062,-182.7381134033203,-246.3057403564453,699.7448120117188,-132.44578552246094,-191.87350463867188,794.23486328125,-231.97010803222656,-248.427734375,694.790283203125,-289.1278991699219,-204.11190795898438,795.6492919921875,Berjalan
1744775536.373038,6,-191.6575927734375,400.5247497558594,541.3377685546875,-199.5008087158203,254.0972900390625,627.53955078125,-205.64273071289062,134.81382751464844,692.54443359375,-211.8272705078125,-61.248809814453125,758.6368408203125,-178.8502655029297,-28.971954345703125,751.244873046875,-43.834224700927734,-11.596696853637695,757.9699096679688,69.01664733886719,224.59765625,728.04833984375,-76.28131103515625,177.08956909179688,568.2592163085938,-164.22100830078125,186.92544555664062,543.7904663085938,-264.2510070800781,171.15106201171875,524.847900390625,-152.7608642578125,180.7645263671875,484.86541748046875,-242.79930114746094,-28.092920303344727,746.0863037109375,-365.3822326660156,-14.119464874267578,723.7276611328125,-557.2188110351562,88.90682220458984,566.7109985351562,,,,,,,,,,,,,,,,,,,,,,,,,,,,,,,,,,,,,-213.20472717285156,-138.11695861816406,771.0927734375,-206.27664184570312,-239.5083770751953,656.4458618164062,-176.9801025390625,-249.81663513183594,699.8433837890625,-125.32593536376953,-183.1099090576172,786.3953247070312,-226.41586303710938,-256.0408935546875,698.3309326171875,-281.19647216796875,-206.84573364257812,799.24609375,Berjalan
1744775536.4572241,7,-190.59881591796875,407.0372619628906,528.5250244140625,-197.2903289794922,259.0094909667969,615.105224609375,-202.6278533935547,140.47950744628906,683.9987182617188,-204.8121337890625,-57.64928436279297,750.0070190429688,-172.24066162109375,-24.310707092285156,742.8797607421875,-37.59388732910156,1.234596610069275,754.1901245117188,69.75992584228516,243.67251586914062,735.0924072265625,-68.28131866455078,225.67010498046875,560.7357788085938,-156.4566650390625,219.08216857910156,533.1311645507812,-250.83795166015625,184.1378631591797,507.1421813964844,-167.31268310546875,213.16143798828125,493.58575439453125,-236.7285614013672,-24.87407684326172,737.23828125,-360.71417236328125,-11.283190727233887,716.09375,-564.1314086914062,91.31083679199219,569.5989990234375,,,,,,,,,,,,,,,,,,,,,,,,,,,,,,,,,,,,,-204.5206756591797,-135.25804138183594,762.3172607421875,-194.4805145263672,-240.1180877685547,649.1914672851562,-170.0929718017578,-251.82330322265625,695.7457885742188,-121.47138977050781,-186.87557983398438,786.7919921875,-219.9360809326172,-254.3609161376953,689.5170288085938,-280.63031005859375,-198.65089416503906,784.9000854492188,Berjalan
1744775536.5424,8,,,,-193.74864196777344,263.4825744628906,609.6513671875,-198.88401794433594,142.6948699951172,678.0645751953125,-200.11767578125,-57.535423278808594,746.0162963867188,-167.31138610839844,-23.644819259643555,738.6604614257812,-31.165807723999023,2.326831340789795,751.8705444335938,76.61459350585938,248.02392578125,730.5426025390625,-57.05968475341797,245.8447265625,548.4574584960938,-144.407958984375,214.7937774658203,534.2559204101562,-242.63973999023438,184.48553466796875,511.73162841796875,-172.52427673339844,216.88124084472656,501.51513671875,-232.59036254882812,-24.59926986694336,732.85400390625,-358.6452941894531,-12.585735321044922,713.5780029296875,-565.5319213867188,92.60107421875,567.4990234375,,,,,,,,,,,,,,,,,,,,,,,,,,,,,,,,,,,,,-199.41856384277344,-136.0379180908203,758.9208984375,-190.70794677734375,-243.02490234375,645.0296020507812,-166.98031616210938,-255.3197784423828,692.544189453125,-117.15815734863281,-190.491943359375,785.063720703125,-217.4092254638672,-256.5159606933594,685.5780029296875,-278.53167724609375,-197.93585205078125,781.0570678710938,Berjalan
1744775536.616292,9,,,,-191.7517852783203,265.347412109375,607.9935302734375,-196.525146484375,143.5759735107422,675.9680786132812,-197.03839111328125,-58.37685012817383,741.7850341796875,-164.18186950683594,-24.19175148010254,734.6118774414062,-27.60210609436035,3.2453629970550537,747.0142822265625,74.58662414550781,252.74642944335938,726.9408569335938,-58.82550048828125,248.468994140625,543.4340209960938,-146.593505859375,216.85411071777344,530.2925415039062,-244.8662567138672,183.9159393310547,509.4715881347656,-172.89230346679688,215.32089233398438,496.75372314453125,-229.7889862060547,-25.186792373657227,729.1626586914062,-356.64129638671875,-12.722049713134766,711.6181030273438,-565.87158203125,92.8658676147461,566.8353271484375,,,,,,,,,,,,,,,,,,,,,,,,,,,,,,,,,,,,,-196.13482666015625,-137.38522338867188,753.7846069335938,-189.92784118652344,-246.30337524414062,640.5855712890625,-165.74107360839844,-258.3846130371094,688.207275390625,-113.90869140625,-192.7971954345703,779.830810546875,-216.48086547851562,-259.037353515625,681.7556762695312,-276.1266784667969,-198.3007049560547,777.5947875976562,Berjalan
1744775536.7075896,10,-185.65953063964844,419.818359375,520.7366943359375,-190.18577575683594,266.6339416503906,605.6246948242188,-193.83953857421875,144.96168518066406,674.895263671875,-194.309814453125,-58.24776077270508,739.3709716796875,-161.2808837890625,-24.039596557617188,731.9171752929688,-23.76948356628418,2.1754260063171387,742.3568725585938,72.67826080322266,255.56532287597656,730.983642578125,-65.73041534423828,275.8890686035156,551.2521362304688,-143.1029815673828,222.60000610351562,540.5304565429688,-240.9102325439453,189.9626922607422,515.4837646484375,-163.72987365722656,222.19583129882812,495.2344970703125,-227.21307373046875,-24.67830467224121,727.4852905273438,-354.59967041015625,-12.428125381469727,710.1661376953125,-564.3369140625,94.75714874267578,565.348388671875,,,,,,,,,,,,,,,,,,,,,,,,,,,,,,,,,,,,,-193.60385131835938,-137.64425659179688,750.7794799804688,-188.84603881835938,-243.75245666503906,634.0863647460938,-164.39111328125,-257.4040832519531,681.3789672851562,-111.34933471679688,-194.5869903564453,774.8549194335938,-215.35801696777344,-257.4991455078125,675.1876831054688,-274.2144775390625,-198.8406524658203,773.4147338867188,Berjalan
1744775536.7861695,11,-182.82904052734375,415.7033386230469,520.4075317382812,-187.14559936523438,262.8272705078125,604.27734375,-190.6310272216797,141.36734008789062,672.6873168945312,-192.86544799804688,-60.77729034423828,737.3942260742188,-159.6940155029297,-26.997745513916016,729.9758911132812,-22.264585494995117,-3.8606393337249756,740.5267333984375,86.2891845703125,243.00296020507812,724.1194458007812,-56.45207977294922,261.6553649902344,548.9127197265625,-139.37449645996094,217.99066162109375,539.9480590820312,-238.48910522460938,189.71322631835938,516.7719116210938,-162.2308807373047,220.56739807128906,494.5970764160156,-225.32847595214844,-27.12862205505371,725.3864135742188,-351.82708740234375,-13.432111740112305,706.8872680664062,-562.624267578125,92.83348846435547,565.2713623046875,,,,,,,,,,,,,,,,,,,,,,,,,,,,,,,,,,,,,-192.8156280517578,-139.79998779296875,748.9559326171875,-191.3480987548828,-242.12615966796875,629.756103515625,-165.45616149902344,-256.9080505371094,675.6442260742188,-109.96572875976562,-196.7305908203125,768.7103271484375,-216.36985778808594,-257.0846862792969,671.0936279296875,-272.06256103515625,-201.7371063232422,772.3054809570312,Berjalan
1744775536.8754814,12,-183.10801696777344,414.1148376464844,520.7837524414062,-187.52784729003906,261.11151123046875,604.4031372070312,-191.08888244628906,139.41970825195312,672.3859252929688,-193.8196563720703,-62.94252014160156,736.3656616210938,-160.55767822265625,-29.247150421142578,728.9808349609375,-22.410913467407227,-9.616861343383789,736.8716430664062,94.04784393310547,231.70982360839844,702.39697265625,-57.68379592895508,238.68539428710938,534.0352783203125,-142.03128051757812,196.89076232910156,532.941650390625,-244.0460662841797,176.70640563964844,514.3604125976562,-161.3166961669922,198.5106964111328,480.483642578125,-226.201904296875,-29.144763946533203,724.5670166015625,-352.5619201660156,-14.95821762084961,705.52880859375,-562.3031616210938,89.6985092163086,561.1915893554688,,,,,,,,,,,,,,,,,,,,,,,,,,,,,,,,,,,,,-194.00054931640625,-142.00357055664062,747.6412353515625,-191.80392456054688,-241.02410888671875,625.6994018554688,-165.4036865234375,-256.6589050292969,671.0093383789062,-110.2030258178711,-198.2133026123047,765.3373413085938,-216.33587646484375,-257.46630859375,666.763916015625,-272.1770324707031,-205.71588134765625,769.7755737304688,Berjalan
1744775536.958703,13,,,,-186.82533264160156,260.2120666503906,602.890380859375,-190.18370056152344,138.1182403564453,670.010009765625,-192.38623046875,-64.74341583251953,732.0364379882812,-159.20306396484375,-30.99431037902832,724.702392578125,-20.808399200439453,-12.5215425491333,728.911865234375,98.12537384033203,226.41757202148438,687.955078125,-60.9825325012207,233.4263458251953,526.7115478515625,-145.91812133789062,193.15725708007812,530.92041015625,-249.2526397705078,175.51025390625,518.3204956054688,-162.98785400390625,203.07220458984375,468.8046875,-224.84791564941406,-30.853479385375977,720.8372802734375,-351.29071044921875,-16.8456974029541,702.6834716796875,-562.4502563476562,84.70095825195312,558.4628295898438,,,,,,,,,,,,,,,,,,,,,,,,,,,,,,,,,,,,,-192.47515869140625,-143.86813354492188,742.5496215820312,-194.4124755859375,-239.66610717773438,618.157958984375,-165.8659210205078,-256.0799865722656,661.8273315429688,-107.33026123046875,-199.33773803710938,755.0949096679688,-216.89529418945312,-257.47021484375,659.7915649414062,-268.76287841796875,-209.1454315185547,766.39990234375,Berjalan
1744775537.037206,14,,,,-190.7689666748047,262.1031494140625,600.5732421875,-193.17518615722656,139.9296875,669.179931640625,-192.5193634033203,-66.13461303710938,724.3347778320312,-159.57693481445312,-31.67490577697754,717.4994506835938,-20.68185806274414,-10.966371536254883,714.6456298828125,92.25492095947266,226.57188415527344,647.2249145507812,-92.50837707519531,256.2535095214844,517.162841796875,-164.48789978027344,201.2629852294922,544.489013671875,,,,,,,-225.64968872070312,-31.96352767944336,714.9385986328125,-353.20526123046875,-19.1474552154541,698.7413940429688,-558.7025756835938,76.44285583496094,540.0780639648438,,,,,,,,,,,,,,,,,,,,,,,,,,,,,,,,,,,,,-191.76788330078125,-146.01806640625,732.087890625,-200.81820678710938,-220.68508911132812,593.2674560546875,-168.68544006347656,-243.2063446044922,631.8011474609375,-104.35671997070312,-200.3585205078125,729.4807739257812,-219.97251892089844,-245.88031005859375,633.0485229492188,-265.2042541503906,-217.08998107910156,750.0877685546875,Berjalan
1744775537.1298602,15,-190.29647827148438,408.5000305175781,513.499267578125,-191.9156494140625,255.36746215820312,595.7349243164062,-193.29331970214844,135.8919219970703,666.6908569335938,-191.40771484375,-69.02072143554688,719.153076171875,-158.92733764648438,-34.6608772277832,712.4383544921875,-21.80382537841797,-10.43663215637207,709.3277587890625,84.44164276123047,224.47451782226562,631.7254028320312,-56.300289154052734,251.31800842285156,456.97308349609375,,,,,,,,,,-224.46575927734375,-35.15616226196289,710.5146484375,-351.0909118652344,-22.204145431518555,695.8011474609375,-549.1947631835938,80.10244750976562,535.9554443359375,,,,,,,,,,,,,,,,,,,,,,,,,,,,,,,,,,,,,-190.31178283691406,-148.30967712402344,725.973388671875,-210.3959503173828,-226.41912841796875,591.7816162109375,-177.45431518554688,-248.92892456054688,628.9596557617188,-106.43058013916016,-206.25820922851562,720.56298828125,-228.2271728515625,-249.1484832763672,633.0911865234375,-265.0989685058594,-214.65365600585938,750.3377685546875,Berjalan
1744775537.215408,16,,,,-193.85203552246094,255.3743438720703,589.9796752929688,-196.0952606201172,136.26414489746094,660.8600463867188,-197.84298706054688,-67.61406707763672,715.2302856445312,-164.80307006835938,-34.19511032104492,707.4193725585938,-27.931556701660156,-11.99793815612793,698.6078491210938,86.95242309570312,220.59458923339844,629.0363159179688,-23.70981788635254,237.940673828125,433.40997314453125,,,,,,,,,,-230.20086669921875,-33.1337890625,707.045654296875,-356.0566711425781,-15.77517032623291,693.0235595703125,-556.3338012695312,97.5164794921875,544.877685546875,,,,,,,,,,,,,,,,,,,,,,,,,,,,,,,,,,,,,-198.47390747070312,-146.6419677734375,722.8177490234375,-212.1949462890625,-244.12890625,601.5755615234375,-180.615966796875,-260.1864929199219,642.8596801757812,-114.00860595703125,-203.15951538085938,729.4210205078125,-231.38394165039062,-260.6517639160156,645.0194702148438,-273.2578125,-209.6865234375,753.9478149414062,Berjalan
1744775537.2888956,17,-183.541259765625,404.8287353515625,504.53961181640625,-188.94773864746094,252.25222778320312,586.8595581054688,-193.10789489746094,131.95094299316406,655.6967163085938,-198.26080322265625,-70.81782531738281,714.1044921875,-164.65821838378906,-38.094966888427734,705.680419921875,-27.908161163330078,-14.242072105407715,698.8511352539062,87.24220275878906,218.6721954345703,630.4843139648438,-2.536810874938965,230.0650634765625,423.9455871582031,,,,,,,,,,-230.04969787597656,-35.970733642578125,705.188720703125,-355.75579833984375,-16.115121841430664,692.8795166015625,-559.1800537109375,96.4810562133789,548.3788452148438,,,,,,,,,,,,,,,,,,,,,,,,,,,,,,,,,,,,,-200.19602966308594,-149.68360900878906,723.2555541992188,-218.876220703125,-240.385009765625,597.4337768554688,-188.21514892578125,-260.0516662597656,637.8618774414062,-118.78559875488281,-210.81443786621094,727.0030517578125,-238.9559783935547,-257.9632263183594,640.0715942382812,-278.2337646484375,-210.1763458251953,751.4268798828125,Berjalan
1744775537.3862927,18,-185.94436645507812,408.6839294433594,506.2293395996094,-192.20176696777344,254.6088409423828,586.0338745117188,-196.89259338378906,134.78062438964844,655.93994140625,-199.85281372070312,-69.80496978759766,708.670166015625,-166.56797790527344,-36.49911117553711,701.029541015625,-29.387786865234375,-13.785637855529785,696.3970336914062,85.81590270996094,220.9935760498047,633.64794921875,4.8452911376953125,228.70880126953125,423.0849609375,,,,,,,,,,-232.04531860351562,-34.994468688964844,700.8638916015625,-358.54132080078125,-17.948589324951172,691.403564453125,-562.36328125,101.3581314086914,552.4220581054688,,,,,,,,,,,,,,,,,,,,,,,,,,,,,,,,,,,,,-200.99407958984375,-148.9936065673828,715.6043701171875,-226.14999389648438,-243.3280029296875,593.436279296875,-195.83779907226562,-263.01953125,634.1890258789062,-122.58416748046875,-214.01356506347656,720.5277099609375,-246.42343139648438,-258.30596923828125,637.0253295898438,-281.5632629394531,-204.474365234375,747.1477661132812,Berjalan
1744775537.4694848,19,-185.1175079345703,406.9793701171875,510.014404296875,-191.7587890625,253.0293426513672,590.5813598632812,-196.77716064453125,132.65151977539062,659.923583984375,-201.1634521484375,-72.57347106933594,711.298095703125,-167.602294921875,-39.36964416503906,703.9912719726562,-30.735448837280273,-14.472744941711426,696.22412109375,85.7588119506836,220.22860717773438,633.8717041015625,5.427732944488525,229.9399871826172,422.79107666015625,,,,,,,,,,-233.16461181640625,-37.46333694458008,703.61279296875,-359.19146728515625,-18.629634857177734,689.7556762695312,-562.2431030273438,101.8990249633789,549.90869140625,,,,,,,,,,,,,,,,,,,,,,,,,,,,,,,,,,,,,-202.81021118164062,-151.91624450683594,717.6881713867188,-225.92559814453125,-241.7555389404297,591.5003662109375,-195.7623748779297,-262.77349853515625,631.8057861328125,-123.70127868652344,-216.4329376220703,720.837158203125,-246.49066162109375,-258.64495849609375,634.3330078125,-283.24359130859375,-209.4307098388672,746.291015625,Berjalan
1744775537.553889,20,-185.062255859375,406.7777404785156,509.9635009765625,-191.69923400878906,252.75999450683594,590.4598388671875,-196.71966552734375,132.2847900390625,659.6760864257812,-201.0679168701172,-73.08159637451172,710.6226806640625,-167.5081024169922,-39.84840393066406,703.39501953125,-30.625417709350586,-14.85561752319336,695.8278198242188,85.76620483398438,220.21852111816406,634.515625,5.762271404266357,230.72740173339844,423.311279296875,,,,,,,,,,-233.08099365234375,-37.95819091796875,703.0010986328125,-359.1317443847656,-19.08827018737793,689.2265014648438,-562.3243408203125,101.93700408935547,549.9304809570312,,,,,,,,,,,,,,,,,,,,,,,,,,,,,,,,,,,,,-202.6959686279297,-152.45053100585938,716.84521484375,-225.5424041748047,-241.69308471679688,590.1556396484375,-195.3920135498047,-262.8769226074219,630.395263671875,-123.48820495605469,-216.88214111328125,719.7593383789062,-246.1367950439453,-258.8313903808594,632.8845825195312,-283.0945129394531,-210.230712890625,745.065673828125,Berjalan
1744775537.6376865,21,-180.78211975097656,406.76519775390625,509.82635498046875,-188.7067108154297,252.6838836669922,588.957763671875,-194.67739868164062,132.7222900390625,658.1617431640625,-199.57562255859375,-71.69182586669922,710.2655029296875,-166.02349853515625,-38.705810546875,702.8109741210938,-29.246850967407227,-15.079423904418945,696.6924438476562,84.3571548461914,220.525146484375,635.7017822265625,7.918104648590088,229.93170166015625,423.8445129394531,,,,,,,,,,-231.3958740234375,-36.6251335144043,702.4791259765625,-357.27984619140625,-17.682340621948242,691.0139770507812,-560.566162109375,101.23992156982422,551.648681640625,,,,,,,,,,,,,,,,,,,,,,,,,,,,,,,,,,,,,-201.4315948486328,-150.77838134765625,716.9755859375,-224.79930114746094,-239.94168090820312,590.9016723632812,-195.52565002441406,-261.4401550292969,631.4013671875,-123.76469421386719,-216.53616333007812,720.9275512695312,-246.0512237548828,-256.4043273925781,633.3968505859375,-282.95916748046875,-206.66110229492188,744.6581420898438,Berjalan
1744775537.7075677,22,-177.93014526367188,401.70526123046875,509.5378723144531,-186.6103057861328,248.3536376953125,587.9739379882812,-193.1130828857422,128.7059783935547,656.1824340820312,-198.20909118652344,-74.05623626708984,710.1229248046875,-164.79310607910156,-41.4475212097168,702.049560546875,-29.00591468811035,-17.008441925048828,694.1920166015625,83.80852508544922,216.75503540039062,631.0111694335938,10.899797439575195,227.5123291015625,419.2557678222656,,,,,,,,,,-229.8074493408203,-39.14128112792969,702.3314819335938,-354.7445983886719,-18.156219482421875,691.7120361328125,-555.79052734375,100.51524353027344,551.7560424804688,,,,,,,,,,,,,,,,,,,,,,,,,,,,,,,,,,,,,-200.27255249023438,-152.63978576660156,717.6166381835938,-222.0055694580078,-237.99412536621094,589.6619262695312,-192.83554077148438,-260.19329833984375,629.4619140625,-122.33657836914062,-217.30039978027344,720.0641479492188,-243.1498260498047,-255.7801055908203,631.3519897460938,-280.8767395019531,-209.84193420410156,743.1943969726562,Berjalan
1744775537.801986,23,-177.7319793701172,401.6693420410156,509.368408203125,-186.2985076904297,248.22328186035156,587.7301635742188,-192.72097778320312,128.4512939453125,655.7998657226562,-197.38299560546875,-74.49105072021484,709.3113403320312,-164.0288543701172,-41.77954864501953,701.3267822265625,-28.252347946166992,-17.060911178588867,693.5315551757812,84.58419036865234,216.64015197753906,629.8695678710938,,,,,,,,,,,,,-229.06527709960938,-39.62318420410156,701.5745849609375,-354.0694885253906,-18.877382278442383,690.8811645507812,-555.3712768554688,99.77131652832031,551.1368408203125,,,,,,,,,,,,,,,,,,,,,,,,,,,,,,,,,,,,,-199.27027893066406,-153.1155242919922,716.6353149414062,-219.2108917236328,-238.5244598388672,588.3768920898438,-189.99038696289062,-260.4378356933594,628.31689453125,-120.53402709960938,-216.82684326171875,719.4230346679688,-240.37857055664062,-256.65045166015625,629.923828125,-279.3261413574219,-211.37228393554688,741.6539306640625,Berjalan
1744775537.8806558,24,-177.72882080078125,401.685546875,509.33331298828125,-186.2921142578125,248.23599243164062,587.6736450195312,-192.7139892578125,128.4505157470703,655.7086791992188,-197.3550262451172,-74.51425170898438,709.1044921875,-164.00564575195312,-41.79441833496094,701.14501953125,-28.238237380981445,-17.03769302368164,693.4091796875,84.5384521484375,216.73648071289062,629.9539184570312,,,,,,,,,,,,,-229.03990173339844,-39.648353576660156,701.381103515625,-354.0366516113281,-18.904342651367188,690.6566162109375,-555.2592163085938,99.8660888671875,550.9224853515625,,,,,,,,,,,,,,,,,,,,,,,,,,,,,,,,,,,,,-199.2315216064453,-153.13998413085938,716.3840942382812,-219.0194091796875,-238.33908081054688,587.969970703125,-189.78765869140625,-260.2874755859375,627.879638671875,-120.4209976196289,-216.7567596435547,719.0859985351562,-240.1790771484375,-256.5651550292969,629.474853515625,-279.2215270996094,-211.53790283203125,741.267578125,Berjalan
1744775537.9588687,25,-181.34161376953125,414.926025390625,519.0887451171875,-188.5701446533203,258.2314758300781,595.67431640625,-194.2708740234375,133.5810546875,658.1590576171875,-196.78147888183594,-73.6050033569336,704.9732055664062,-163.39918518066406,-39.794532775878906,698.4578247070312,-25.926471710205078,-14.460796356201172,693.6543579101562,88.62214660644531,222.8221435546875,632.9686889648438,,,,,,,,,,,,,-229.23049926757812,-38.49647903442383,698.0223388671875,-356.017822265625,-19.635326385498047,686.7784423828125,-560.51708984375,103.1966781616211,548.9667358398438,,,,,,,,,,,,,,,,,,,,,,,,,,,,,,,,,,,,,-197.6853790283203,-153.3942108154297,709.5515747070312,-213.1260223388672,-222.84873962402344,569.3477783203125,-184.07041931152344,-249.50790405273438,607.3517456054688,-116.83743286132812,-216.35317993164062,706.1748046875,-235.14712524414062,-246.76766967773438,608.1490478515625,-278.0723571777344,-216.4407196044922,725.0758666992188,Berjalan
1744775538.0531812,26,-177.9939727783203,400.59991455078125,526.396728515625,-186.4337615966797,246.5322265625,601.85693359375,-193.1181640625,123.90303039550781,663.2816772460938,-198.0614776611328,-80.62554168701172,706.099609375,-164.82179260253906,-47.606414794921875,700.4661865234375,-30.512794494628906,-18.840167999267578,691.7811889648438,84.18026733398438,213.1544189453125,630.0738525390625,18.9526309967041,233.53871154785156,417.4881591796875,,,,,,,,,,-229.57644653320312,-45.64324951171875,699.562744140625,-352.67901611328125,-21.85177993774414,681.936279296875,-552.1422729492188,103.63270568847656,547.9382934570312,,,,,,,,,,,,,,,,,,,,,,,,,,,,,,,,,,,,,-199.7998809814453,-159.18399047851562,709.3569946289062,-227.25914001464844,-238.18923950195312,579.2111206054688,-196.24789428710938,-261.9765930175781,616.3106689453125,-121.91931915283203,-223.16162109375,704.9965209960938,-246.22361755371094,-257.9734802246094,620.80517578125,-278.54345703125,-217.77149963378906,735.9185791015625,Berjalan
1744775538.1402907,27,-177.86019897460938,400.615966796875,525.9293823242188,-186.2243194580078,246.47872924804688,601.205810546875,-192.85806274414062,123.7105484008789,662.318359375,-197.58377075195312,-80.97599029541016,704.2666625976562,-164.3827362060547,-47.90571212768555,698.75732421875,-30.154184341430664,-19.038951873779297,689.4627075195312,83.84144592285156,212.5453643798828,625.1246337890625,17.14398765563965,231.1151580810547,412.8590087890625,,,,,,,,,,-229.1313934326172,-46.00102615356445,697.89453125,-352.2477111816406,-22.25092315673828,680.4254150390625,-551.7127075195312,103.55747985839844,546.804443359375,,,,,,,,,,,,,,,,,,,,,,,,,,,,,,,,,,,,,-199.24522399902344,-159.5391082763672,707.1917724609375,-225.12782287597656,-237.51210021972656,576.126953125,-194.0708770751953,-261.3338623046875,613.1560668945312,-120.66577911376953,-222.62159729003906,702.6309814453125,-244.1045379638672,-257.9134521484375,617.4085083007812,-277.48724365234375,-219.22523498535156,732.7194213867188,Berjalan
1744775538.2249227,28,-177.67404174804688,400.57342529296875,525.484619140625,-185.91445922851562,246.32191467285156,600.57568359375,-192.4609832763672,123.36219024658203,661.33935546875,-196.83424377441406,-81.5677261352539,702.2178344726562,-163.68601989746094,-48.415428161621094,696.8489379882812,-29.493511199951172,-19.458904266357422,687.1392211914062,84.93174743652344,211.55889892578125,621.442626953125,16.887231826782227,229.48995971679688,409.52874755859375,,,,,,,,,,-228.4441680908203,-46.604610443115234,696.0609130859375,-351.64813232421875,-22.98309326171875,678.9564819335938,-551.660888671875,103.33108520507812,546.5878295898438,,,,,,,,,,,,,,,,,,,,,,,,,,,,,,,,,,,,,-198.37371826171875,-160.1546630859375,704.7310791015625,-222.0745391845703,-236.66343688964844,572.3805541992188,-190.98204040527344,-260.55853271484375,609.339599609375,-118.86210632324219,-222.0569305419922,699.9581909179688,-241.09690856933594,-257.9044494628906,613.2206420898438,-275.97064208984375,-221.2946014404297,728.781005859375,Berjalan
1744775538.3109448,29,-181.4824676513672,405.30169677734375,530.2252197265625,-188.56422424316406,248.75534057617188,601.669677734375,-194.486083984375,120.86719512939453,652.3323364257812,-196.6354522705078,-82.2982177734375,703.754638671875,-163.7565155029297,-49.03948211669922,696.564453125,-29.493629455566406,-18.982011795043945,685.8932495117188,86.04487609863281,212.42022705078125,620.556640625,,,,,,,,,,,,,-228.7086181640625,-47.921783447265625,695.9171142578125,-352.5885925292969,-25.635540008544922,679.3526611328125,-552.81494140625,103.68817901611328,548.7081909179688,,,,,,,,,,,,,,,,,,,,,,,,,,,,,,,,,,,,,-197.36253356933594,-160.8800811767578,710.2921752929688,-224.62782287597656,-241.42457580566406,580.554443359375,-190.7408905029297,-263.3347473144531,616.4872436523438,-115.59331512451172,-219.95480346679688,702.7877807617188,-240.8043975830078,-262.5063781738281,622.8436279296875,-271.4180908203125,-224.55215454101562,739.5476684570312,Berjalan
1744775538.3933084,30,-184.03268432617188,408.70947265625,538.3624877929688,-189.6826934814453,250.77932739257812,606.2705688476562,-194.69625854492188,121.0636978149414,651.6289672851562,-196.9550323486328,-81.9025650024414,702.73974609375,-164.0944061279297,-48.73477554321289,695.4446411132812,-29.813961029052734,-19.61376190185547,684.6804809570312,87.37995910644531,211.71658325195312,623.567138671875,,,,,,,,,,,,,-228.9636688232422,-47.5042839050293,695.107666015625,-353.0560607910156,-25.168245315551758,681.756103515625,-548.0625,103.48809814453125,543.5015869140625,,,,,,,,,,,,,,,,,,,,,,,,,,,,,,,,,,,,,-197.787841796875,-160.3906707763672,709.1734619140625,-225.87950134277344,-236.5797119140625,577.2369384765625,-192.11546325683594,-259.8044128417969,612.3466186523438,-116.56593322753906,-219.70851135253906,699.6565551757812,-242.0936279296875,-258.8186340332031,618.8380737304688,-272.139404296875,-224.32899475097656,736.5850830078125,Berjalan
1744775538.477833,31,-184.2986602783203,410.426513671875,540.05859375,-190.0112762451172,251.5811309814453,606.81982421875,-195.06134033203125,121.89181518554688,653.197509765625,-197.30970764160156,-82.0488510131836,702.3660888671875,-164.36798095703125,-48.80058670043945,695.0985717773438,-29.7264461517334,-19.95589256286621,684.0430908203125,87.0982437133789,212.0802459716797,622.2289428710938,30.540742874145508,240.0276641845703,407.1625061035156,,,,,,,,,,-229.38397216796875,-47.42827224731445,695.3567504882812,-353.9103088378906,-24.79903793334961,683.90234375,-548.86865234375,103.69119262695312,544.2062377929688,,,,,,,,,,,,,,,,,,,,,,,,,,,,,,,,,,,,,-198.2579803466797,-160.7772979736328,708.01904296875,-230.10682678222656,-236.33033752441406,576.1514892578125,-195.32199096679688,-259.83685302734375,610.2534790039062,-117.18394470214844,-220.21446228027344,695.87890625,-245.21559143066406,-258.86248779296875,618.146728515625,-272.03656005859375,-224.98878479003906,737.1563720703125,Berjalan
1744775538.5519075,32,-181.41006469726562,411.59027099609375,541.7623291015625,-188.19778442382812,252.50572204589844,607.6542358398438,-194.04476928710938,123.09436798095703,654.5338745117188,-197.9832763671875,-81.99307250976562,698.1199340820312,-164.78118896484375,-48.84934997558594,691.749267578125,-29.853551864624023,-20.8118953704834,683.122802734375,86.67149353027344,212.11209106445312,624.6758422851562,26.426151275634766,236.62620544433594,410.29486083984375,,,,,,,,,,-229.75515747070312,-46.943992614746094,692.0697631835938,-354.4241638183594,-24.217493057250977,683.2835693359375,-551.0534057617188,102.7775650024414,544.7979125976562,,,,,,,,,,,,,,,,,,,,,,,,,,,,,,,,,,,,,-199.5861358642578,-160.80123901367188,701.6285400390625,-222.9095916748047,-235.3004150390625,567.4773559570312,-191.2934112548828,-259.59588623046875,603.9888916015625,-119.08262634277344,-221.82962036132812,695.3861694335938,-241.58843994140625,-257.6202697753906,608.1015014648438,-276.604248046875,-223.53622436523438,724.8419189453125,Berjalan
1744775538.6305754,33,-182.52850341796875,411.99652099609375,543.3993530273438,-189.26675415039062,252.76869201660156,609.0306396484375,-194.94943237304688,123.85191345214844,657.3440551757812,-198.12777709960938,-81.45405578613281,700.137451171875,-165.04554748535156,-48.13312911987305,694.0089111328125,-30.16291618347168,-19.767919540405273,685.3526000976562,87.13568878173828,211.49168395996094,621.843994140625,19.874467849731445,230.34654235839844,408.9399719238281,,,,,,,,,,-230.03976440429688,-46.51694869995117,694.1094360351562,-354.671875,-24.257705688476562,683.4696044921875,-550.1279296875,103.34532165527344,543.7911987304688,,,,,,,,,,,,,,,,,,,,,,,,,,,,,,,,,,,,,-199.39244079589844,-160.2956085205078,703.3389282226562,-221.5384521484375,-236.4714813232422,569.8992919921875,-190.3975830078125,-260.4004211425781,607.06982421875,-119.02843475341797,-221.68443298339844,698.7598876953125,-240.73568725585938,-258.2000732421875,610.6133422851562,-276.8912658691406,-222.47166442871094,726.5364379882812,Berjalan
1744775538.730937,34,-186.11776733398438,408.4208068847656,545.7382202148438,-192.1183624267578,250.50747680664062,613.5598754882812,-196.73141479492188,125.40721893310547,670.384521484375,-198.4861297607422,-81.21149444580078,703.5382080078125,-165.70663452148438,-47.50794219970703,698.875732421875,-31.43325424194336,-18.255313873291016,688.7877197265625,85.14497375488281,210.30899047851562,617.23486328125,-30.904531478881836,209.90652465820312,426.1494140625,-107.83661651611328,159.8556365966797,412.3139953613281,,,,-147.9523468017578,226.16036987304688,488.75994873046875,-230.562255859375,-46.31570053100586,699.2418823242188,-354.690673828125,-24.68157386779785,685.3439331054688,-549.0750732421875,103.03304290771484,545.4666748046875,,,,,,,,,,,,,,,,,,,,,,,,,,,,,,,,,,,,,-199.2467803955078,-159.94500732421875,703.0821533203125,-229.26063537597656,-224.39697265625,565.474853515625,-199.0345458984375,-252.8833770751953,599.9091186523438,-123.42517852783203,-225.74571228027344,691.9888305664062,-248.91268920898438,-247.71405029296875,604.9354858398438,-279.98883056640625,-218.386962890625,723.7792358398438,Berjalan
1744775538.8094063,35,-178.42263793945312,402.04443359375,543.222900390625,-187.45654296875,245.35719299316406,616.5325927734375,-194.45640563964844,121.66617584228516,678.4160766601562,-198.1173095703125,-85.28262329101562,718.361328125,-164.79627990722656,-51.75454330444336,712.8359375,-30.378908157348633,-20.649051666259766,697.6651000976562,92.78846740722656,201.2384033203125,610.544921875,-34.044673919677734,134.44512939453125,436.8569030761719,-100.78840637207031,77.17001342773438,468.58135986328125,,,,-133.66539001464844,158.7030487060547,528.3856811523438,-230.1158447265625,-50.03736114501953,712.687744140625,-353.08935546875,-25.032922744750977,689.0786743164062,-548.5208129882812,100.5329360961914,544.912841796875,,,,,,,,,,,,,,,,,,,,,,,,,,,,,,,,,,,,,-199.51161193847656,-164.5587921142578,720.4037475585938,-243.7012176513672,-238.43002319335938,590.2753295898438,-207.91592407226562,-263.8938903808594,622.2843017578125,-122.17076873779297,-228.36944580078125,703.13623046875,-257.3290100097656,-260.3518981933594,633.3715209960938,-274.8692321777344,-225.2390899658203,754.3814086914062,Berjalan
1744775538.897697,36,,,,-181.7063446044922,259.6981506347656,599.0384521484375,-187.74420166015625,136.2804412841797,659.51416015625,-191.97303771972656,-69.048583984375,700.4320678710938,,,,,,,,,,,,,,,,,,,,,,-223.5678253173828,-33.676029205322266,696.114990234375,-347.58758544921875,-11.171065330505371,681.8604736328125,-554.6870727539062,102.6382827758789,548.0028686523438,,,,,,,,,,,,,,,,,,,,,,,,,,,,,,,,,,,,,-194.2080078125,-147.7678680419922,702.9490966796875,-224.09286499023438,-230.72235107421875,575.4805908203125,-198.7920684814453,-255.99813842773438,615.924560546875,-125.31857299804688,-221.59007263183594,707.41015625,-248.056884765625,-245.25210571289062,616.7718505859375,-281.6932678222656,-193.94558715820312,727.2582397460938,Berjalan
1744775538.9865065,37,-196.66717529296875,391.6924743652344,578.6809692382812,-198.8786163330078,236.201171875,615.9892578125,-200.22427368164062,114.59542846679688,655.4273681640625,-199.99215698242188,-74.24384307861328,702.4644775390625,-169.80560302734375,-43.250648498535156,694.8108520507812,-44.73252487182617,-16.431556701660156,687.2386474609375,85.64617919921875,113.54576110839844,521.5076293945312,28.740375518798828,-47.96335220336914,403.6070556640625,10.344991683959961,-127.33824920654297,432.094970703125,11.612833023071289,-172.7498016357422,346.5516052246094,-48.7889518737793,-153.81350708007812,404.6955871582031,-230.1019744873047,-42.378440856933594,696.396484375,-345.8597717285156,-21.263113021850586,689.2655029296875,-526.3822021484375,97.79096221923828,559.108154296875,,,,,,,,,,,,,,,,,,,,,,,,,,,,,,,,,,,,,-200.25430297851562,-147.23605346679688,708.2644653320312,-234.5810546875,-231.2638702392578,596.4243774414062,-210.33726501464844,-252.86647033691406,634.6715698242188,-138.0541534423828,-217.31179809570312,714.822509765625,-255.76344299316406,-241.46817016601562,636.3990478515625,-281.8133850097656,-186.04830932617188,736.6156005859375,Berjalan
1744775539.070525,38,-192.65347290039062,406.5380859375,572.4808959960938,-195.43756103515625,244.70289611816406,616.9489135742188,-197.59178161621094,118.07643127441406,661.3209228515625,-200.79852294921875,-78.49705505371094,716.7633666992188,-168.55667114257812,-46.623207092285156,708.3214721679688,-36.87626266479492,-20.588945388793945,699.8005981445312,111.85308074951172,108.93301391601562,530.3760986328125,38.86161804199219,-61.241329193115234,414.9041748046875,22.588817596435547,-148.5481719970703,432.8177490234375,10.573919296264648,-220.79214477539062,362.3037109375,-41.13051223754883,-173.01219177246094,401.76318359375,-231.84820556640625,-44.8768424987793,708.7835693359375,-352.6809997558594,-21.484891891479492,696.0402221679688,-540.6767578125,96.29896545410156,551.238037109375,,,,,,,,,,,,,,,,,,,,,,,,,,,,,,,,,,,,,-202.17149353027344,-154.87705993652344,725.1994018554688,-241.29367065429688,-235.6497802734375,603.5323486328125,-213.03175354003906,-260.1964416503906,640.5737915039062,-134.16891479492188,-226.23663330078125,723.3632202148438,-260.92889404296875,-250.19049072265625,645.6345825195312,-284.6816101074219,-200.83975219726562,756.0732421875,Berjalan
1744775539.154085,39,-191.9010467529297,413.0594482421875,569.787109375,-195.5718536376953,249.98683166503906,618.3568115234375,-198.36180114746094,121.53486633300781,663.129638671875,-202.4345703125,-77.48384857177734,720.3067626953125,-169.6075439453125,-45.45382308959961,711.207763671875,-36.398738861083984,-21.45603370666504,694.5805053710938,107.66096496582031,114.1284408569336,520.34326171875,32.63835525512695,-65.87031555175781,415.8108215332031,25.284164428710938,-155.46926879882812,434.6811828613281,28.635520935058594,-255.67454528808594,410.74334716796875,-43.5421257019043,-180.99307250976562,408.92144775390625,-233.7543182373047,-43.196590423583984,712.4329833984375,-356.1754150390625,-20.283843994140625,697.3607788085938,-545.0974731445312,97.2038803100586,546.8466796875,,,,,,,,,,,,,,,,,,,,,,,,,,,,,,,,,,,,,-204.30465698242188,-154.873779296875,729.237060546875,-245.21780395507812,-233.5390167236328,604.193359375,-210.41815185546875,-256.84686279296875,637.3107299804688,-127.67599487304688,-217.76161193847656,716.3764038085938,-259.1551208496094,-253.20071411132812,647.2645263671875,-278.50677490234375,-213.39805603027344,764.1551513671875,Berjalan
1744775539.2378764,40,-190.69100952148438,408.8250732421875,569.3181762695312,-194.626953125,247.0171661376953,617.1948852539062,-197.73976135253906,119.4691390991211,661.1275024414062,-202.9060821533203,-78.05785369873047,717.2186889648438,-170.17027282714844,-46.38051223754883,708.5391235351562,-37.57414245605469,-23.15802574157715,695.4813842773438,105.89105224609375,102.96468353271484,516.9751586914062,28.508588790893555,-73.60848999023438,412.1664733886719,18.276227951049805,-160.5826873779297,437.2733459472656,26.18768882751465,-257.8398742675781,406.7889709472656,-56.181617736816406,-180.96255493164062,402.06658935546875,-233.78736877441406,-43.9215087890625,709.271240234375,-355.01617431640625,-19.91460418701172,694.8544311523438,-548.2514038085938,96.1531982421875,552.8935546875,,,,,,,,,,,,,,,,,,,,,,,,,,,,,,,,,,,,,-205.09738159179688,-154.82818603515625,725.834716796875,-244.91712951660156,-235.80010986328125,603.4826049804688,-217.21913146972656,-260.838134765625,641.0343627929688,-137.97047424316406,-227.77317810058594,724.768798828125,-265.23626708984375,-249.91854858398438,645.7171630859375,-289.0953674316406,-199.4757080078125,756.4051513671875,Berjalan
1744775539.3247542,41,-193.97474670410156,411.657958984375,571.1148681640625,-196.5466766357422,248.80589294433594,618.691162109375,-198.6240234375,120.11560821533203,661.532958984375,-203.302001953125,-79.15198516845703,715.4474487304688,-170.47579956054688,-47.12841033935547,707.0744018554688,-37.041751861572266,-23.430187225341797,696.173828125,103.80196380615234,102.1014175415039,513.193603515625,26.0922908782959,-73.40978240966797,404.4853210449219,15.219656944274902,-159.15611267089844,434.762939453125,24.61099624633789,-257.42230224609375,406.179931640625,-58.87080764770508,-181.79962158203125,399.7571716308594,-234.43276977539062,-44.80747985839844,707.9291381835938,-356.4842224121094,-20.722421646118164,694.9772338867188,-550.5753784179688,97.46366119384766,553.2872924804688,,,,,,,,,,,,,,,,,,,,,,,,,,,,,,,,,,,,,-205.32305908203125,-156.43405151367188,723.149169921875,-249.40769958496094,-235.18495178222656,599.814208984375,-214.63706970214844,-258.7604675292969,632.5111083984375,-130.267333984375,-220.6124267578125,709.7366333007812,-262.9974060058594,-254.1614532470703,643.133056640625,-279.7987976074219,-213.13168334960938,759.5909423828125,Berjalan
1744775539.3968074,42,-194.38963317871094,409.8766174316406,564.9005737304688,-197.2633514404297,247.8643341064453,613.19091796875,-199.60552978515625,121.94380187988281,662.281494140625,-202.8820343017578,-77.43516540527344,713.0090942382812,-170.39401245117188,-45.20185470581055,705.0457153320312,-37.22171401977539,-23.115432739257812,693.54638671875,102.64824676513672,102.21638488769531,511.011962890625,26.247880935668945,-74.23695373535156,404.4989929199219,14.933748245239258,-159.4585723876953,435.1190185546875,22.29669761657715,-256.1529235839844,402.2093811035156,-61.95722198486328,-179.8938446044922,396.8806457519531,-234.1351776123047,-43.293556213378906,706.1347045898438,-356.16094970703125,-20.797576904296875,694.392578125,-545.8707275390625,97.28944396972656,548.5294799804688,,,,,,,,,,,,,,,,,,,,,,,,,,,,,,,,,,,,,-204.40182495117188,-154.56275939941406,719.5237426757812,-249.52761840820312,-235.81983947753906,598.8873291015625,-216.4130859375,-259.4397277832031,632.9381713867188,-132.10633850097656,-221.9636993408203,709.8982543945312,-264.5384216308594,-252.50244140625,642.4833984375,-281.46392822265625,-206.5718536376953,756.6005859375,Berjalan
1744775539.4933615,43,-194.1713104248047,412.7308349609375,569.11279296875,-197.21316528320312,250.0551300048828,616.3987426757812,-199.6923065185547,123.09796905517578,663.5584716796875,-202.90724182128906,-78.13592529296875,708.3793334960938,-170.36204528808594,-45.59660720825195,701.3818969726562,-36.67058181762695,-23.276308059692383,693.5966186523438,103.16117095947266,102.73029327392578,510.7064208984375,26.074819564819336,-74.0891342163086,404.33953857421875,13.593118667602539,-159.6761932373047,434.0458984375,20.370691299438477,-256.7658386230469,401.5051574707031,-61.89082336425781,-180.181884765625,396.75274658203125,-234.23843383789062,-43.74430465698242,702.5087890625,-356.8333435058594,-21.566200256347656,693.6610717773438,-546.5882568359375,98.00532531738281,548.0382080078125,,,,,,,,,,,,,,,,,,,,,,,,,,,,,,,,,,,,,-204.39956665039062,-155.58737182617188,712.587158203125,-246.4267578125,-234.11012268066406,588.6607055664062,-215.40037536621094,-259.12933349609375,623.8343505859375,-133.40542602539062,-224.92236328125,705.0897827148438,-263.79876708984375,-251.00991821289062,631.404052734375,-284.5202331542969,-206.10511779785156,745.5878295898438,Berjalan
1744775539.5800028,44,-191.71153259277344,410.820556640625,560.1752319335938,-195.420654296875,248.80690002441406,613.1843872070312,-198.3907928466797,122.10777282714844,663.375732421875,-203.23086547851562,-77.30369567871094,720.510009765625,-170.221923828125,-45.29158020019531,711.563720703125,-36.25210952758789,-22.89021110534668,696.8701782226562,102.56295013427734,103.32262420654297,510.9876403808594,24.850801467895508,-74.9332046508789,404.58526611328125,12.947446823120117,-160.85580444335938,435.3249816894531,20.513437271118164,-258.399658203125,402.2713317871094,-63.5952262878418,-181.9117889404297,396.0627746582031,-234.4860382080078,-42.86933517456055,712.5022583007812,-357.0836486816406,-19.805347442626953,697.1695556640625,-546.7747192382812,96.95858764648438,546.1751098632812,,,,,,,,,,,,,,,,,,,,,,,,,,,,,,,,,,,,,-205.339599609375,-154.83712768554688,729.39794921875,-242.4420623779297,-236.541015625,604.7677612304688,-213.150390625,-261.0939636230469,642.1939086914062,-134.26280212402344,-225.34288024902344,726.9164428710938,-262.081787109375,-252.34994506835938,647.3038330078125,-287.89996337890625,-204.199462890625,759.9749755859375,Berjalan
1744775539.6626654,45,-192.35284423828125,411.30438232421875,562.4052124023438,-195.6147918701172,248.85018920898438,613.3795776367188,-198.32907104492188,122.4432601928711,663.864501953125,-201.58148193359375,-78.87841796875,712.9097900390625,-168.8687744140625,-46.29987335205078,705.3265991210938,-34.686683654785156,-23.61906623840332,695.3114624023438,103.08851623535156,103.82084655761719,509.956298828125,25.251262664794922,-74.9712905883789,405.1267395019531,13.313170433044434,-160.6077423095703,436.3082580566406,18.81075096130371,-257.54156494140625,401.4962158203125,-63.5250129699707,-181.99581909179688,396.9671325683594,-233.07313537597656,-44.456050872802734,706.2302856445312,-355.98895263671875,-21.96065902709961,694.2352905273438,-548.3550415039062,97.49201202392578,549.4475708007812,,,,,,,,,,,,,,,,,,,,,,,,,,,,,,,,,,,,,-203.05018615722656,-156.62408447265625,718.6793823242188,-221.91749572753906,-230.51779174804688,585.5991821289062,-200.74569702148438,-258.24407958984375,626.0653686523438,-136.12408447265625,-230.71990966796875,724.6023559570312,-249.29367065429688,-247.0277862548828,623.24072265625,-291.7875671386719,-202.53244018554688,732.1239624023438,Berjalan
1744775539.7556183,46,-192.2841796875,411.18292236328125,562.7545776367188,-195.5444793701172,248.78466796875,613.7953491210938,-198.25758361816406,122.44242095947266,664.369873046875,-201.59925842285156,-78.79765319824219,713.5714721679688,-168.87860107421875,-46.24238586425781,705.9794311523438,-34.712791442871094,-23.57509994506836,696.0818481445312,103.33560180664062,103.67709350585938,510.8748779296875,25.517202377319336,-75.16227722167969,406.2039794921875,13.485207557678223,-160.71485900878906,437.5260009765625,18.937788009643555,-257.863525390625,403.3720397949219,-63.45100021362305,-182.00430297851562,397.0465087890625,-233.0701904296875,-44.37751388549805,706.8485107421875,-355.9158020019531,-21.764997482299805,694.6153564453125,-547.20751953125,97.65245056152344,548.4796752929688,,,,,,,,,,,,,,,,,,,,,,,,,,,,,,,,,,,,,-203.09567260742188,-156.52272033691406,719.4038696289062,-223.14332580566406,-228.70730590820312,585.5949096679688,-202.56436157226562,-257.22308349609375,625.8035888671875,-137.6001739501953,-231.90817260742188,724.6778564453125,-250.87835693359375,-245.0679168701172,623.025634765625,-292.6855773925781,-200.8716278076172,732.2677612304688,Berjalan
1744775539.841776,47,-192.3197021484375,411.23541259765625,562.8111572265625,-195.5885772705078,248.8605194091797,613.86279296875,-198.30873107910156,122.54196166992188,664.45556640625,-201.6841583251953,-78.6611557006836,713.7093505859375,-168.96168518066406,-46.11577224731445,706.1146850585938,-34.80628204345703,-23.461891174316406,696.2535400390625,103.29238891601562,103.69046020507812,511.05694580078125,25.465824127197266,-75.18985748291016,406.51397705078125,13.387986183166504,-160.6686553955078,437.9896545410156,18.791213989257812,-257.93267822265625,404.19244384765625,-63.50556945800781,-182.0222930908203,397.59478759765625,-233.14608764648438,-44.24285125732422,706.971435546875,-355.9681091308594,-21.60850715637207,694.6845703125,-547.05859375,97.82386779785156,548.3526000976562,,,,,,,,,,,,,,,,,,,,,,,,,,,,,,,,,,,,,-203.19117736816406,-156.375732421875,719.5632934570312,-223.3371124267578,-228.49623107910156,585.7540283203125,-202.78692626953125,-257.0421142578125,625.9482421875,-137.78733825683594,-231.8280487060547,724.8086547851562,-251.08224487304688,-244.8330535888672,623.180419921875,-292.81939697265625,-200.62176513671875,732.4274291992188,Berjalan
1744775539.9272153,48,-190.6256561279297,407.19287109375,560.9703979492188,-194.43118286132812,246.5460968017578,613.1327514648438,-197.57456970214844,121.34391021728516,663.6981811523438,-202.1081085205078,-77.39714050292969,716.1405029296875,-169.444580078125,-45.41727066040039,708.0889892578125,-36.58174133300781,-23.22977638244629,694.6378784179688,102.3080062866211,102.96541595458984,512.2483520507812,25.2313175201416,-74.23289489746094,407.8404846191406,13.55371379852295,-159.3843994140625,438.3027648925781,17.149198532104492,-256.04058837890625,404.91033935546875,-62.94400405883789,-180.60557556152344,398.3224182128906,-233.13046264648438,-43.19680404663086,708.782470703125,-354.58331298828125,-20.66472816467285,692.9375,-549.788330078125,94.45067596435547,552.4358520507812,,,,,,,,,,,,,,,,,,,,,,,,,,,,,,,,,,,,,-204.0369110107422,-154.39398193359375,723.328125,-245.06422424316406,-235.64952087402344,601.386962890625,-211.302490234375,-258.3905334472656,635.3347778320312,-129.1324462890625,-218.706787109375,713.3430786132812,-259.68963623046875,-253.48863220214844,644.6107788085938,-279.1766052246094,-209.85401916503906,759.1123046875,Berjalan
1744775540.0093184,49,-193.02699279785156,410.5244445800781,557.1985473632812,-195.80401611328125,249.1988525390625,612.3233642578125,-198.0441436767578,122.3837890625,662.2607421875,-202.47352600097656,-76.72721099853516,720.4695434570312,-169.52993774414062,-44.717445373535156,711.276123046875,-35.54294967651367,-22.818477630615234,695.9883422851562,102.8870620727539,106.67156982421875,512.08154296875,23.184009552001953,-71.92887115478516,407.7479248046875,11.43862247467041,-157.841796875,438.5765075683594,17.0070743560791,-255.08042907714844,404.2497253417969,-63.647193908691406,-180.90310668945312,399.731689453125,-233.7953643798828,-42.37929153442383,712.3504638671875,-356.3009948730469,-20.15644073486328,695.1495361328125,-552.2578125,95.58744049072266,551.5501708984375,-497.408203125,12.261480331420898,350.4621276855469,,,,,,,,,,,,,,,,,,,,,,,,,,,,,,,,,,-204.4533233642578,-154.21527099609375,729.7759399414062,-237.8511962890625,-235.10986328125,603.5790405273438,-207.22177124023438,-258.9175109863281,640.4114990234375,-129.92367553710938,-220.9798126220703,725.6474609375,-256.51263427734375,-252.75999450683594,645.8306274414062,-284.3088073730469,-208.29783630371094,759.5428466796875,Berjalan
1744775540.0832329,50,-193.8903045654297,409.7165832519531,553.4895629882812,-196.520263671875,248.2228240966797,609.2327270507812,-198.64883422851562,120.61764526367188,657.9278564453125,-202.81369018554688,-77.9281234741211,719.5398559570312,-169.8452911376953,-45.9517822265625,709.83251953125,-35.665260314941406,-23.15493392944336,694.9943237304688,102.97021484375,109.1383056640625,512.4462890625,23.44127655029297,-70.2865219116211,408.406005859375,11.844897270202637,-156.46202087402344,439.1346740722656,16.69447135925293,-253.47024536132812,403.4226989746094,-63.603519439697266,-179.69656372070312,397.8271789550781,-234.2503662109375,-43.70040512084961,710.8048706054688,-357.0244445800781,-20.945335388183594,694.3001098632812,-555.4649047851562,96.7772216796875,554.7176513671875,,,,,,,,,,,,,,,,,,,,,,,,,,,,,,,,,,,,,-204.6771240234375,-155.4174346923828,730.1443481445312,-232.4254150390625,-231.9315643310547,599.53173828125,-204.225830078125,-257.47052001953125,637.296142578125,-130.9988250732422,-223.52186584472656,727.9954223632812,-253.73577880859375,-250.56492614746094,640.199951171875,-287.12017822265625,-209.02728271484375,753.80419921875,Berjalan
1744775540.1754408,51,-196.3586883544922,415.96533203125,555.3535766601562,-198.45265197753906,251.8975067138672,609.3375854492188,-200.10055541992188,122.172607421875,656.6467895507812,-203.3981475830078,-80.47308349609375,712.4055786132812,-170.2163848876953,-47.83062744140625,703.1552734375,-34.33769989013672,-25.684669494628906,688.9010620117188,108.0959701538086,114.2694091796875,510.8225402832031,20.25318145751953,-65.65897369384766,409.1479187011719,9.451165199279785,-154.1958770751953,436.28887939453125,11.101310729980469,-252.04315185546875,399.2981872558594,-64.75147247314453,-178.77992248535156,394.5947570800781,-235.30409240722656,-45.61365509033203,705.1845703125,-359.63385009765625,-21.41973876953125,692.164306640625,-566.7994384765625,98.90390014648438,562.0664672851562,-520.1824951171875,21.784439086914062,353.2781982421875,,,,,,,,,,,,,,,,,,,,,,,,,,,,,,,,,,-205.12875366210938,-159.11915588378906,720.5908203125,-233.4781951904297,-232.3228302001953,586.2675170898438,-205.9917449951172,-259.7830505371094,624.0468139648438,-132.2176513671875,-229.5934295654297,717.3817749023438,-255.90029907226562,-251.72483825683594,626.6417846679688,-289.950439453125,-211.97947692871094,742.1978759765625,Berjalan
1744775540.2541835,52,,,,-201.05311584472656,253.42913818359375,607.4363403320312,-202.6193389892578,125.1814956665039,658.853515625,-203.95257568359375,-78.63326263427734,710.8059692382812,-171.070556640625,-45.54619598388672,701.9175415039062,-35.439208984375,-23.310760498046875,684.8685302734375,107.57477569580078,115.07896423339844,505.7801513671875,15.42927360534668,-64.11226654052734,406.321533203125,2.1349434852600098,-152.75967407226562,432.16778564453125,7.756570339202881,-249.90072631835938,393.5539245605469,-75.2471923828125,-171.12571716308594,394.53955078125,-236.196533203125,-43.8675422668457,704.4906005859375,-361.0543518066406,-22.06413459777832,691.5107421875,-564.4932250976562,96.36930847167969,553.6655883789062,,,,,,,,,,,,,,,,,,,,,,,,,,,,,,,,,,,,,-205.0265350341797,-157.4813690185547,717.5117797851562,-239.74752807617188,-219.9293975830078,579.1982421875,-212.06007385253906,-250.89735412597656,614.0545654296875,-134.55911254882812,-229.79441833496094,706.9675903320312,-261.6090393066406,-241.5107421875,618.8060302734375,-290.9236145019531,-209.16331481933594,737.999267578125,Berjalan
1744775540.3326273,53,,,,-200.1299591064453,255.18727111816406,608.59814453125,-203.3089599609375,124.4256362915039,657.9334716796875,-206.53285217285156,-82.46537780761719,707.607177734375,-172.95947265625,-49.07657241821289,699.48095703125,-35.811336517333984,-25.379579544067383,683.3290405273438,108.68440246582031,118.02720642089844,504.67144775390625,13.747453689575195,-61.91380310058594,403.24163818359375,-2.6701102256774902,-150.9204559326172,430.0015563964844,3.8605175018310547,-248.50717163085938,389.36981201171875,-77.78400421142578,-170.2009735107422,391.0134582519531,-238.86209106445312,-47.00766372680664,701.314697265625,-364.9568176269531,-24.654699325561523,686.6319580078125,-567.2333374023438,94.90402221679688,541.8731689453125,,,,,,,,,,,,,,,,,,,,,,,,,,,,,,,,,,,,,-208.1805877685547,-162.31307983398438,713.2703247070312,-244.08729553222656,-219.8112335205078,571.1063842773438,-215.82156372070312,-252.50515747070312,604.8980712890625,-136.86569213867188,-234.8722381591797,699.2081298828125,-265.9310302734375,-243.2862548828125,610.3914184570312,-294.8882751464844,-215.5264892578125,732.3854370117188,Berjalan
1744775540.4296653,54,,,,-199.49407958984375,261.2515563964844,608.7095336914062,-205.2764892578125,127.06698608398438,657.573974609375,-210.70155334472656,-85.67906951904297,702.7371826171875,-176.0507049560547,-51.42779541015625,696.5252075195312,-35.348236083984375,-27.996076583862305,683.3399047851562,115.0876693725586,122.57453918457031,506.1984558105469,14.147393226623535,-59.55937576293945,402.9715881347656,-4.397087574005127,-150.95635986328125,427.73931884765625,3.489123582839966,-251.2782745361328,387.7711181640625,-78.92831420898438,-169.5996856689453,388.6697998046875,-243.44810485839844,-49.19147491455078,696.0827026367188,-371.57647705078125,-26.589441299438477,675.1314086914062,-573.7494506835938,88.39793395996094,515.3988037109375,-486.2252197265625,-8.624098777770996,319.6439208984375,,,,,,,,,,,,,,,,,,,,,,,,,,,,,,,,,,-212.7210693359375,-167.4301300048828,706.3560791015625,-243.8990478515625,-223.22830200195312,558.5640258789062,-217.35107421875,-257.79022216796875,593.8705444335938,-140.81861877441406,-242.9761962890625,694.17529296875,-268.5743713378906,-247.32505798339844,597.2723999023438,-303.3163757324219,-220.15504455566406,720.9349975585938,Berjalan
1744775540.5155194,55,,,,-197.52920532226562,261.992919921875,606.8007202148438,-204.31497192382812,128.5198211669922,654.5646362304688,-210.64093017578125,-84.43504333496094,690.366943359375,-176.09872436523438,-50.26438903808594,686.1170654296875,-35.53816604614258,-29.463153839111328,679.433837890625,107.8726806640625,126.8403549194336,504.4556884765625,14.099292755126953,-59.18747329711914,405.12677001953125,-4.300087928771973,-150.50372314453125,427.57733154296875,2.72658371925354,-250.23109436035156,388.003173828125,-78.22148895263672,-168.16058349609375,389.19818115234375,-243.00970458984375,-47.88775634765625,684.8471069335938,-370.05633544921875,-24.386770248413086,664.0636596679688,-568.6853637695312,80.13640594482422,496.3603515625,,,,,,,,,,,,,,,,,,,,,,,,,,,,,,,,,,,,,-212.81756591796875,-165.69044494628906,690.4990234375,-248.05850219726562,-223.273193359375,545.5520629882812,-214.11117553710938,-253.81419372558594,577.4414672851562,-132.69729614257812,-229.40211486816406,670.656494140625,-265.458251953125,-250.95651245117188,585.3182983398438,-292.7380065917969,-230.71893310546875,711.1917114257812,Berjalan
1744775540.5986927,56,,,,-197.7763671875,263.37921142578125,605.26953125,-203.931396484375,130.52684020996094,653.6029052734375,-209.66943359375,-82.71714782714844,683.4443359375,-175.37005615234375,-48.33082962036133,681.00146484375,-34.986080169677734,-28.746370315551758,676.0922241210938,109.56895446777344,127.28379821777344,503.0968322753906,13.849906921386719,-58.032691955566406,405.89794921875,-3.7316689491271973,-149.84336853027344,425.6153869628906,2.8004212379455566,-249.1065216064453,385.652587890625,-77.85728454589844,-166.3993682861328,391.0995788574219,-242.04457092285156,-46.34584426879883,678.0911865234375,-368.4725036621094,-23.92962074279785,654.9048461914062,-564.6978149414062,72.10972595214844,480.80084228515625,,,,,,,,,,,,,,,,,,,,,,,,,,,,,,,,,,,,,-211.2794952392578,-163.7189483642578,681.357177734375,-244.51864624023438,-223.26095581054688,537.25146484375,-212.0067138671875,-253.76373291015625,570.3629760742188,-132.3445281982422,-229.25604248046875,664.5579833984375,-263.287109375,-249.70455932617188,577.0425415039062,-292.73248291015625,-226.47640991210938,701.505615234375,Berjalan
1744775540.6833098,57,,,,-198.41139221191406,261.99273681640625,605.9121704101562,-204.47117614746094,128.47308349609375,654.5736694335938,-211.17068481445312,-86.22579193115234,681.7551879882812,-176.5370635986328,-51.793678283691406,679.6600952148438,-35.901798248291016,-29.162464141845703,673.8095092773438,111.503662109375,127.93323516845703,501.9260559082031,14.891698837280273,-56.697994232177734,401.52423095703125,-3.738318681716919,-148.16802978515625,424.06842041015625,3.553372383117676,-247.53089904785156,383.00335693359375,-77.84115600585938,-165.56187438964844,389.65582275390625,-243.55519104003906,-49.4455680847168,676.947509765625,-370.0148010253906,-24.196422576904297,653.0361328125,-565.6600341796875,70.84332275390625,475.43328857421875,,,,,,,,,,,,,,,,,,,,,,,,,,,,,,,,,,,,,-213.17971801757812,-167.60476684570312,678.5875854492188,-243.388916015625,-219.06910705566406,529.8600463867188,-210.93844604492188,-251.31451416015625,561.8461303710938,-132.80198669433594,-231.5261688232422,659.2481689453125,-262.63702392578125,-248.18063354492188,567.8639526367188,-294.6624450683594,-232.6348876953125,693.5867309570312,Berjalan
1744775540.7674644,58,,,,-200.1764373779297,261.891357421875,604.4869384765625,-205.44522094726562,128.78843688964844,653.8784790039062,-210.4197235107422,-85.89505004882812,679.4367065429688,-176.15304565429688,-51.137939453125,678.2290649414062,-35.92757797241211,-27.213069915771484,671.8737182617188,117.79072570800781,124.71197509765625,501.4074401855469,13.736017227172852,-54.80095672607422,399.8072204589844,-3.70432710647583,-146.4844512939453,421.9421081542969,1.6756500005722046,-245.556884765625,380.22442626953125,-79.22533416748047,-163.5963592529297,389.5758056640625,-243.04904174804688,-49.45942687988281,674.2775268554688,-368.8897399902344,-26.113494873046875,646.3638916015625,-560.7837524414062,64.57881927490234,463.02008056640625,,,,,,,,,,,,,,,,,,,,,,,,,,,,,,,,,,,,,-211.5236053466797,-167.16859436035156,675.6826782226562,-243.94447326660156,-223.87867736816406,529.5580444335938,-211.72201538085938,-255.3153076171875,562.4502563476562,-132.43153381347656,-232.984375,658.1585693359375,-263.2425842285156,-251.1351776123047,568.8080444335938,-293.7510986328125,-230.18699645996094,693.9598999023438,Berjalan
1744775540.8429093,59,,,,-199.4910430908203,261.32867431640625,603.9842529296875,-204.756103515625,128.28077697753906,653.2164306640625,-209.7039031982422,-86.25868225097656,678.610595703125,-175.46856689453125,-51.520809173583984,677.447998046875,-35.35440444946289,-27.67229652404785,670.7625732421875,115.81346130371094,125.20542907714844,499.2054138183594,13.319097518920898,-54.64081573486328,397.00616455078125,-3.671384334564209,-146.16384887695312,419.8311767578125,2.8788697719573975,-244.40005493164062,376.54205322265625,-79.33995819091797,-163.39752197265625,389.44580078125,-242.31199645996094,-49.85298156738281,673.4593505859375,-368.1931457519531,-27.502779006958008,645.3767700195312,-557.1981201171875,62.35264587402344,458.968505859375,,,,,,,,,,,,,,,,,,,,,,,,,,,,,,,,,,,,,-210.79000854492188,-167.4686737060547,674.8051147460938,-240.98248291015625,-223.30245971679688,527.999267578125,-209.82200622558594,-255.2027130126953,561.3932495117188,-132.2296142578125,-234.13951110839844,658.6427612304688,-261.3647155761719,-250.4183349609375,566.7443237304688,-294.05657958984375,-229.48895263671875,691.2438354492188,Berjalan
